<?xml version="1.0" encoding="UTF-8"?>
<con:soapui-project id="9b86a08d-4e31-41a3-b1f0-ab469c07597f" activeEnvironment="Default" name="Verizon-Connect" resourceRoot="${projectDir}" soapui-version="5.4.0" abortOnError="false" runType="SEQUENTIAL" xmlns:con="http://eviware.com/soapui/config"><con:settings><con:setting id="com.eviware.soapui.impl.wsdl.actions.iface.tools.soapui.TestRunnerAction@values-local"><![CDATA[<xml-fragment xmlns:con="http://eviware.com/soapui/config">
  <con:entry key="Report Format(s)" value=""/>
  <con:entry key="Host:Port" value=""/>
  <con:entry key="Export JUnit Results" value="false"/>
  <con:entry key="Export All" value="false"/>
  <con:entry key="Save After" value="false"/>
  <con:entry key="Add Settings" value="false"/>
  <con:entry key="WSS Password Type" value=""/>
  <con:entry key="TestSuite" value="&lt;all>"/>
  <con:entry key="Endpoint" value=""/>
  <con:entry key="Select Report Type" value=""/>
  <con:entry key="System Properties" value=""/>
  <con:entry key="Password" value=""/>
  <con:entry key="Print Report" value="false"/>
  <con:entry key="Open Report" value="false"/>
  <con:entry key="Export JUnit Results with test properties" value="false"/>
  <con:entry key="Global Properties" value=""/>
  <con:entry key="Project Properties" value=""/>
  <con:entry key="Project Password" value=""/>
  <con:entry key="TestCase" value="&lt;all>"/>
  <con:entry key="Username" value=""/>
  <con:entry key="user-settings.xml Password" value=""/>
  <con:entry key="TestRunner Path" value=""/>
  <con:entry key="Environment" value="Default"/>
  <con:entry key="Coverage Report" value="false"/>
  <con:entry key="Enable UI" value="false"/>
  <con:entry key="Root Folder" value=""/>
  <con:entry key="Ignore Errors" value="false"/>
  <con:entry key="Domain" value=""/>
  <con:entry key="Tool Args" value=""/>
  <con:entry key="Save Project" value="false"/>
</xml-fragment>]]></con:setting></con:settings><con:interface xsi:type="con:RestService" id="8b73ec98-a6f4-47b0-883c-2a1c7ddffdb5" wadlVersion="http://wadl.dev.java.net/2009/02" name="" type="rest" xmlns:xsi="http://www.w3.org/2001/XMLSchema-instance"><con:settings/><con:definitionCache/><con:endpoints/><con:resource name="Query" path="/api/Plot/{vid}/{startDate}/{endDate}" id="54ab1e50-b364-42a1-add5-5a820c097edf"><con:settings/><con:parameters><con:parameter><con:name>vid</con:name><con:value>10</con:value><con:style>TEMPLATE</con:style><con:default>10</con:default></con:parameter><con:parameter><con:name>startDate</con:name><con:value>2019-04-21 20:30:00</con:value><con:style>TEMPLATE</con:style><con:default>2019-04-21 20:30:00</con:default></con:parameter><con:parameter><con:name>endDate</con:name><con:value>2019-04-21 20:40:00</con:value><con:style>TEMPLATE</con:style><con:default>2019-04-21 20:40:00</con:default></con:parameter></con:parameters><con:method name="Request" id="f0b89805-55fa-4f3c-abec-721dc26b6629" method="GET"><con:settings/><con:parameters/><con:representation type="REQUEST"><con:mediaType>application/json</con:mediaType><con:params/></con:representation><con:representation type="FAULT"><con:mediaType>text/html;charset=utf-8</con:mediaType><con:status>404</con:status><con:params/><con:element>html</con:element></con:representation><con:representation type="REQUEST"><con:mediaType>application/x-www-form-urlencoded</con:mediaType><con:params/></con:representation><con:representation type="RESPONSE"><con:mediaType xsi:nil="true"/><con:status>0</con:status><con:params/><con:element>data</con:element></con:representation><con:representation type="RESPONSE"><con:mediaType>text/html;charset=utf-8</con:mediaType><con:status>202</con:status><con:params/></con:representation><con:representation type="FAULT"><con:mediaType xsi:nil="true"/><con:status>404</con:status><con:params/><con:element>data</con:element></con:representation><con:representation type="FAULT"><con:mediaType xsi:nil="true"/><con:status>404</con:status><con:params/><con:element>data</con:element></con:representation><con:representation type="RESPONSE"><con:mediaType>application/json; charset=utf-8</con:mediaType><con:status>200</con:status><con:params/><con:element>Response</con:element></con:representation><con:representation type="FAULT"><con:mediaType xsi:nil="true"/><con:status>404</con:status><con:params/><con:element>data</con:element></con:representation><con:representation type="FAULT"><con:mediaType xsi:nil="true"/><con:status>404</con:status><con:params/><con:element>data</con:element></con:representation><con:representation type="FAULT"><con:mediaType xsi:nil="true"/><con:status>404</con:status><con:params/><con:element>data</con:element></con:representation><con:representation type="RESPONSE"><con:mediaType xsi:nil="true"/><con:status>0</con:status><con:params/><con:element>data</con:element></con:representation><con:representation type="FAULT"><con:mediaType xsi:nil="true"/><con:status>500</con:status><con:params/><con:element>data</con:element></con:representation><con:representation type="RESPONSE"><con:mediaType xsi:nil="true"/><con:status>0</con:status><con:params/><con:element>data</con:element></con:representation><con:representation type="RESPONSE"><con:mediaType xsi:nil="true"/><con:status>0</con:status><con:params/><con:element>data</con:element></con:representation><con:representation type="RESPONSE"><con:mediaType xsi:nil="true"/><con:status>0</con:status><con:params/><con:element>data</con:element></con:representation><con:representation type="RESPONSE"><con:mediaType xsi:nil="true"/><con:status>0</con:status><con:params/><con:element>data</con:element></con:representation><con:request name="Request 1" id="f741c377-ea89-43b1-ae25-2a897415ee4a" mediaType="application/x-www-form-urlencoded" postQueryString="false"><con:settings><con:setting id="com.eviware.soapui.impl.wsdl.WsdlRequest@request-headers"><![CDATA[<xml-fragment xmlns:con="http://eviware.com/soapui/config">
  <con:entry key="Cookie" value="TestAB_Track1=posredirect_control; TestAB_Track2=truckpkg_control; TestAB_Track3=boatpkg_control; TestAB_Track4=carspkg_control; TestAB_Track5=motopkg_30; TestAB_Track6=cdrec_REC1; TestAB_Track7=abvehicles_A; TestAB_Track8=wosil_a; TestAB_Track9=hold; TestAB_Track10=homeremodel_control; TestAB_Track11=ridaa_control; TestAB_Track12=hold; TestAB_Track13=chatmsite_var1; expb=04; r_id=3318e982-89f6-4fcd-af7c-0b4d9c3711b4; xtvrn=$483760$; xtan=-; xtant=1; TestAB_categorieshome5=ORIGINAL; sim_did=2e02b85629f4bb3c20746ee9cbc3e673; _ga=GA1.3.1054328242.1527967599; _gid=GA1.3.2140234126.1527967599; _dc_gtm_UA-70177409-2=1; l_id=14d6bf3f-1c1e-4c20-822a-b277d1a657ec; s_id=4807cd30-be03-4c10-b8ef-e891fee511662018-06-02T19:26:37.958Z; md=th; stat_counter=1; last_region_visited=11; _uetsid=_uet799cabf4; sq=q=escova&amp;ca=11_a&amp;st=a&amp;w=6&amp;cg=0&amp;f=a"/>
  <con:entry key="Origin" value="https://sp.olx.com.br "/>
  <con:entry key="Referer" value="https://sp.olx.com.br/?q=escova "/>
  <con:entry key="Content-Type" value="application/x-www-form-urlencoded"/>
</xml-fragment>]]></con:setting></con:settings><con:endpoint>http://localhost:5000</con:endpoint><con:request><![CDATA[device_width=940&device_height=974&source=web&referrer=https%3A%2F%2Fsp.olx.com.br%2F&object_name=listing&lurker_route=web-2.0&state_id=1&event_type=impression&object_detail=gallery&data=%7B%22algorithm%22%3A%22search%22%2C%22algorithm_version%22%3A%22%22%2C%22ads%22%3A%22%5B480601948%2C325999068%2C488923738%5D%22%2C%22TestAB_Track1%22%3A%22posredirect_control%22%2C%22TestAB_Track2%22%3A%22truckpkg_control%22%2C%22TestAB_Track3%22%3A%22boatpkg_control%22%2C%22TestAB_Track4%22%3A%22carspkg_control%22%2C%22TestAB_Track5%22%3A%22motopkg_30%22%2C%22TestAB_Track6%22%3A%22cdrec_REC1%22%2C%22TestAB_Track7%22%3A%22abvehicles_A%22%2C%22TestAB_Track8%22%3A%22wosil_a%22%2C%22TestAB_Track9%22%3A%22hold%22%2C%22TestAB_Track10%22%3A%22homeremodel_control%22%2C%22TestAB_Track11%22%3A%22ridaa_control%22%2C%22TestAB_Track12%22%3A%22hold%22%2C%22TestAB_Track13%22%3A%22chatmsite_var1%22%2C%22TestAB_categorieshome5%22%3A%22ORIGINAL%22%2C%22deviceId%22%3A%222e02b85629f4bb3c20746ee9cbc3e673%22%2C%22r_id%22%3A%223318e982-89f6-4fcd-af7c-0b4d9c3711b4%22%7D]]></con:request><con:originalUri>https://lurker.olx.com.br/track/teste</con:originalUri><con:credentials><con:authType>No Authorization</con:authType></con:credentials><con:jmsConfig JMSDeliveryMode="PERSISTENT"/><con:jmsPropertyConfig/><con:parameters>
  <con:entry key="vid" value="20"/>
  <con:entry key="endDate" value="2019-04-21 20:34:26"/>
  <con:entry key="startDate" value="2019-04-21 20:30:00"/>
</con:parameters><con:parameterOrder><con:entry>vid</con:entry><con:entry>startDate</con:entry><con:entry>endDate</con:entry></con:parameterOrder></con:request></con:method></con:resource></con:interface><con:testSuite id="f0c5a05c-9c35-44a4-819a-10214e17553f" name="Query Test Suite"><con:settings/><con:runType>SEQUENTIAL</con:runType><con:testCase id="342d3585-8c67-4fd1-893f-381363c0ed9f" failOnError="true" failTestCaseOnErrors="true" keepSession="false" maxResults="0" name="TestCase 1" searchProperties="true"><con:settings/><con:testStep type="restrequest" name="Teste 1 - Request 1" id="75de4daf-f6d1-46d6-b396-4dea233fb2c2"><con:settings/><con:config service="" resourcePath="/api/Plot/{vid}/{startDate}/{endDate}" methodName="Request" xsi:type="con:RestRequestStep" xmlns:xsi="http://www.w3.org/2001/XMLSchema-instance"><con:restRequest name="Teste 1 - Request 1" id="f741c377-ea89-43b1-ae25-2a897415ee4a" mediaType="application/x-www-form-urlencoded" postQueryString="false"><con:settings><con:setting id="com.eviware.soapui.impl.wsdl.WsdlRequest@request-headers">&lt;xml-fragment xmlns:con="http://eviware.com/soapui/config">
  &lt;con:entry key="Accept" value="application/json"/>
  &lt;con:entry key="Accept-Encoding" value="gzip"/>
&lt;/xml-fragment></con:setting></con:settings><con:endpoint>http://localhost:5000</con:endpoint><con:request><![CDATA[device_width=940&device_height=974&source=web&referrer=https%3A%2F%2Fsp.olx.com.br%2F&object_name=listing&lurker_route=web-2.0&state_id=1&event_type=impression&object_detail=gallery&data=%7B%22algorithm%22%3A%22search%22%2C%22algorithm_version%22%3A%22%22%2C%22ads%22%3A%22%5B480601948%2C325999068%2C488923738%5D%22%2C%22TestAB_Track1%22%3A%22posredirect_control%22%2C%22TestAB_Track2%22%3A%22truckpkg_control%22%2C%22TestAB_Track3%22%3A%22boatpkg_control%22%2C%22TestAB_Track4%22%3A%22carspkg_control%22%2C%22TestAB_Track5%22%3A%22motopkg_30%22%2C%22TestAB_Track6%22%3A%22cdrec_REC1%22%2C%22TestAB_Track7%22%3A%22abvehicles_A%22%2C%22TestAB_Track8%22%3A%22wosil_a%22%2C%22TestAB_Track9%22%3A%22hold%22%2C%22TestAB_Track10%22%3A%22homeremodel_control%22%2C%22TestAB_Track11%22%3A%22ridaa_control%22%2C%22TestAB_Track12%22%3A%22hold%22%2C%22TestAB_Track13%22%3A%22chatmsite_var1%22%2C%22TestAB_categorieshome5%22%3A%22ORIGINAL%22%2C%22deviceId%22%3A%222e02b85629f4bb3c20746ee9cbc3e673%22%2C%22r_id%22%3A%223318e982-89f6-4fcd-af7c-0b4d9c3711b4%22%7D]]></con:request><con:originalUri>https://lurker.olx.com.br/track/teste</con:originalUri><con:credentials><con:authType>No Authorization</con:authType></con:credentials><con:jmsConfig JMSDeliveryMode="PERSISTENT"/><con:jmsPropertyConfig/><con:parameters>
  <con:entry key="vid" value="1"/>
  <con:entry key="endDate" value="2019-04-22 21:35:01.477417"/>
  <con:entry key="startDate" value="2019-04-22 21:35:00"/>
</con:parameters><con:parameterOrder><con:entry>vid</con:entry><con:entry>startDate</con:entry><con:entry>endDate</con:entry></con:parameterOrder></con:restRequest></con:config></con:testStep><con:loadTest id="3f4cace1-c115-4268-8e9e-c2ddee4776c5" name="LoadTest 1"><con:settings><con:setting id="HttpSettings@close-connections">false</con:setting></con:settings><con:threadCount>50</con:threadCount><con:startDelay>0</con:startDelay><con:sampleInterval>250</con:sampleInterval><con:calculateTPSOnTimePassed>true</con:calculateTPSOnTimePassed><con:resetStatisticsOnThreadCountChange>true</con:resetStatisticsOnThreadCountChange><con:historyLimit>-1</con:historyLimit><con:testLimit>2000000</con:testLimit><con:limitType>COUNT</con:limitType><con:loadStrategy><con:type>Simple</con:type><con:config><testDelay>0</testDelay><randomFactor>0.0</randomFactor></con:config></con:loadStrategy><con:assertion type="Step Status" name="Step Status"/><con:maxAssertionErrors>100</con:maxAssertionErrors><con:cancelExcessiveThreads>true</con:cancelExcessiveThreads><con:strategyInterval>500</con:strategyInterval></con:loadTest><con:properties/></con:testCase><con:properties/></con:testSuite><con:properties/><con:wssContainer/><con:oAuth2ProfileContainer/><con:oAuth1ProfileContainer/></con:soapui-project>